{"accuracy": [0.018363939598202705, 0.0808923989534378, 0.14296555519104004, 0.18568827211856842, 0.2210502326488495, 0.251631498336792, 0.26779481768608093, 0.2857034504413605, 0.30156320333480835, 0.31833359599113464, 0.3367733955383301, 0.34352707862854004, 0.3618151545524597, 0.37107300758361816, 0.38958871364593506, 0.3964182734489441], "loss": [5.4498090744018555, 4.780364513397217, 4.297281742095947, 3.946333408355713, 3.717090606689453, 3.518430233001709, 3.386310577392578, 3.2708780765533447, 3.158067464828491, 3.0474693775177, 2.972663640975952, 2.8805060386657715, 2.785382032394409, 2.7238616943359375, 2.6317198276519775, 2.55843186378479], "val_accuracy": [0.05874999985098839, 0.14124999940395355, 0.16875000298023224, 0.19499999284744263, 0.203125, 0.21312500536441803, 0.22750000655651093, 0.22312499582767487, 0.22499999403953552, 0.23000000417232513, 0.23749999701976776, 0.22437499463558197, 0.234375, 0.2199999988079071, 0.22812500596046448, 0.21687500178813934], "val_loss": [5.03769063949585, 4.413525581359863, 4.042531967163086, 3.912965774536133, 3.7892425060272217, 3.7314846515655518, 3.6780688762664795, 3.6701223850250244, 3.635662794113159, 3.6500775814056396, 3.587284803390503, 3.6384944915771484, 3.630409002304077, 3.68577241897583, 3.7036993503570557, 3.7021443843841553]}