{"test_loss": 3.561898708343506, "test_accuracy": 0.23353342711925507, "top_n_accuracy": 0.47290313243865967}