{"test_loss": 3.1073853969573975, "test_accuracy": 0.3022344410419464, "top_n_accuracy": 0.5674504041671753}