{"accuracy": [0.011762027628719807, 0.051297616213560104, 0.10464410483837128, 0.1516922116279602, 0.18242526054382324, 0.21505539119243622, 0.2311428189277649, 0.251631498336792, 0.2769767940044403, 0.2970101833343506, 0.30232205986976624, 0.31909242272377014, 0.33753225207328796, 0.3500531315803528, 0.3635604679584503, 0.36644408106803894, 0.38298678398132324, 0.3845044672489166, 0.39474883675575256, 0.40446197986602783], "loss": [5.531435966491699, 5.098349094390869, 4.625802516937256, 4.258975505828857, 4.002770900726318, 3.776454210281372, 3.6354446411132812, 3.4973695278167725, 3.3697938919067383, 3.243819236755371, 3.163865566253662, 3.0615506172180176, 2.972158193588257, 2.8978490829467773, 2.817213296890259, 2.77626633644104, 2.68878436088562, 2.6254067420959473, 2.5879733562469482, 2.5323431491851807], "val_accuracy": [0.03812500089406967, 0.11437500268220901, 0.14812499284744263, 0.1743749976158142, 0.21250000596046448, 0.20749999582767487, 0.22499999403953552, 0.234375, 0.23874999582767487, 0.23749999701976776, 0.23874999582767487, 0.2331250011920929, 0.2356249988079071, 0.24187499284744263, 0.24250000715255737, 0.2381249964237213, 0.24124999344348907, 0.24124999344348907, 0.24124999344348907, 0.25187501311302185], "val_loss": [5.3098626136779785, 4.721777439117432, 4.350778102874756, 4.118265151977539, 3.905275821685791, 3.8106489181518555, 3.7679836750030518, 3.6722474098205566, 3.6455860137939453, 3.633432626724243, 3.5776021480560303, 3.5864250659942627, 3.5653796195983887, 3.5592870712280273, 3.547508478164673, 3.575265884399414, 3.5992321968078613, 3.593027353286743, 3.559260845184326, 3.6268017292022705]}