{"test_loss": 3.6418793201446533, "test_accuracy": 0.22444555163383484, "top_n_accuracy": 0.4520593583583832}