{"accuracy": [0.02572469227015972, 0.1043405681848526, 0.18849597871303558, 0.24336014688014984, 0.28775230050086975, 0.32448020577430725, 0.3458036184310913, 0.3781302273273468, 0.3978600800037384, 0.42343300580978394, 0.4400516152381897, 0.4605402946472168, 0.4755653440952301, 0.48899680376052856, 0.508271336555481, 0.5207922458648682], "loss": [5.444927215576172, 4.665212154388428, 4.045433044433594, 3.635025978088379, 3.369948625564575, 3.1541616916656494, 2.9669392108917236, 2.7936978340148926, 2.6826469898223877, 2.533106565475464, 2.433823585510254, 2.3120336532592773, 2.2230279445648193, 2.1295409202575684, 2.0560970306396484, 1.958217978477478], "val_accuracy": [0.06562499701976776, 0.14937500655651093, 0.1875, 0.19687500596046448, 0.2199999988079071, 0.2318750023841858, 0.24124999344348907, 0.23749999701976776, 0.2475000023841858, 0.234375, 0.2462500035762787, 0.24250000715255737, 0.2368749976158142, 0.2524999976158142, 0.25062501430511475, 0.2356249988079071], "val_loss": [5.0094313621521, 4.279639720916748, 3.961289882659912, 3.791830062866211, 3.6864492893218994, 3.633169651031494, 3.5716114044189453, 3.5777428150177, 3.5606589317321777, 3.5853781700134277, 3.5515899658203125, 3.6011602878570557, 3.5961415767669678, 3.5980947017669678, 3.596555233001709, 3.658644676208496]}