{"test_loss": 3.9221560955047607, "test_accuracy": 0.22936467826366425, "top_n_accuracy": 0.4470568597316742}