{"test_loss": 3.559674024581909, "test_accuracy": 0.24020344018936157, "top_n_accuracy": 0.4749875068664551}