{"test_loss": 4.57138204574585, "test_accuracy": 0.2467900663614273, "top_n_accuracy": 0.4925796091556549}