{"accuracy": [0.02250996045768261, 0.14701195061206818, 0.2790836691856384, 0.3908366560935974, 0.46454182267189026, 0.5458167195320129, 0.6195219159126282, 0.6806772947311401, 0.7460159659385681, 0.7956175208091736, 0.84183269739151, 0.8830677270889282, 0.9109562039375305, 0.9394422173500061, 0.9577689170837402], "loss": [5.357496738433838, 4.149799823760986, 3.2749478816986084, 2.7189862728118896, 2.3117928504943848, 1.953263282775879, 1.6519420146942139, 1.395368218421936, 1.1571167707443237, 0.9639211893081665, 0.7905898094177246, 0.6399422883987427, 0.5217626690864563, 0.4085841178894043, 0.3278305232524872], "val_accuracy": [0.07562500238418579, 0.15937499701976776, 0.19750000536441803, 0.20999999344348907, 0.22312499582767487, 0.23375000059604645, 0.23250000178813934, 0.23125000298023224, 0.22750000655651093, 0.2318750023841858, 0.2381249964237213, 0.234375, 0.23250000178813934, 0.23000000417232513, 0.22687500715255737], "val_loss": [4.736815929412842, 3.990483283996582, 3.6611404418945312, 3.6372039318084717, 3.5130419731140137, 3.4879469871520996, 3.6337876319885254, 3.6508190631866455, 3.7033019065856934, 3.767091989517212, 3.8678383827209473, 4.007343292236328, 4.154641151428223, 4.245728492736816, 4.285666465759277]}