{"test_loss": 4.168642044067383, "test_accuracy": 0.24170418083667755, "top_n_accuracy": 0.4984992444515228}