{"accuracy": [0.039243027567863464, 0.23247012495994568, 0.45039841532707214, 0.6302788853645325, 0.7659362554550171, 0.8806772828102112, 0.947609543800354, 0.9816733002662659, 0.9930278658866882, 0.9988048076629639, 0.9994024038314819, 0.9996016025543213, 1.0, 1.0, 1.0], "loss": [5.199900150299072, 3.552518844604492, 2.4368302822113037, 1.6657263040542603, 1.07526695728302, 0.643343448638916, 0.371969074010849, 0.21313507854938507, 0.12881849706172943, 0.07646042853593826, 0.04572627320885658, 0.02782350592315197, 0.019072219729423523, 0.014098198153078556, 0.011316162534058094], "val_accuracy": [0.10249999910593033, 0.18062500655651093, 0.19437499344348907, 0.22187499701976776, 0.2043749988079071, 0.21437500417232513, 0.21812500059604645, 0.23250000178813934, 0.23499999940395355, 0.22624999284744263, 0.23250000178813934, 0.23749999701976776, 0.24124999344348907, 0.24500000476837158, 0.24312500655651093], "val_loss": [4.3649516105651855, 3.772616386413574, 3.7485435009002686, 3.716386318206787, 3.8954174518585205, 4.031075477600098, 4.050766944885254, 4.1849164962768555, 4.217999458312988, 4.3431925773620605, 4.37753963470459, 4.4422221183776855, 4.4300737380981445, 4.526468276977539, 4.556653022766113]}