{"test_loss": 3.6364786624908447, "test_accuracy": 0.22536268830299377, "top_n_accuracy": 0.4699849784374237}