{"accuracy": [0.007370518054813147, 0.016135457903146744, 0.02908366546034813, 0.04442230984568596, 0.0631474107503891, 0.08067729324102402, 0.09262948483228683, 0.10717131197452545, 0.12191235274076462, 0.13904382288455963, 0.13764940202236176, 0.16613546013832092, 0.17330677807331085, 0.18326693773269653, 0.18804781138896942], "loss": [5.6248779296875, 5.401280403137207, 5.1649980545043945, 4.9109721183776855, 4.7401442527771, 4.555444717407227, 4.3790974617004395, 4.2694010734558105, 4.118275165557861, 4.027772903442383, 3.9292232990264893, 3.8176894187927246, 3.743378162384033, 3.6799252033233643, 3.5975329875946045], "val_accuracy": [0.017500000074505806, 0.051249999552965164, 0.06687500327825546, 0.11812499910593033, 0.13187499344348907, 0.1731249988079071, 0.171875, 0.1862500011920929, 0.19562500715255737, 0.19625000655651093, 0.23250000178813934, 0.21437500417232513, 0.21250000596046448, 0.22875000536441803, 0.2212499976158142], "val_loss": [5.455697059631348, 5.2147417068481445, 4.896176338195801, 4.597088813781738, 4.413766384124756, 4.172744274139404, 4.081197738647461, 3.9857091903686523, 3.8942999839782715, 3.8427765369415283, 3.736114740371704, 3.690936803817749, 3.6392180919647217, 3.599637031555176, 3.5445892810821533]}