{"test_loss": 3.502262592315674, "test_accuracy": 0.24662330746650696, "top_n_accuracy": 0.5085875988006592}