{"accuracy": [0.01075697224587202, 0.04521912336349487, 0.08227091282606125, 0.131474107503891, 0.16673307120800018, 0.20796813070774078, 0.24123506247997284, 0.2848605513572693, 0.3201195299625397, 0.3547808825969696, 0.3886454105377197, 0.4127489924430847, 0.4438247084617615, 0.46274900436401367, 0.484661340713501], "loss": [5.561903476715088, 5.064149856567383, 4.582150459289551, 4.1948370933532715, 3.853471279144287, 3.597120523452759, 3.3620431423187256, 3.120396614074707, 2.9311718940734863, 2.7153091430664062, 2.514507293701172, 2.3758294582366943, 2.2204883098602295, 2.141447067260742, 2.002171277999878], "val_accuracy": [0.042500000447034836, 0.10687500238418579, 0.14812499284744263, 0.18062500655651093, 0.20125000178813934, 0.19437499344348907, 0.22312499582767487, 0.2306250035762787, 0.22499999403953552, 0.22562499344348907, 0.23125000298023224, 0.23250000178813934, 0.2381249964237213, 0.23999999463558197, 0.2606250047683716], "val_loss": [5.263730525970459, 4.666625499725342, 4.244513034820557, 3.9528491497039795, 3.8285584449768066, 3.7241666316986084, 3.594651222229004, 3.5327093601226807, 3.5157153606414795, 3.5061287879943848, 3.4601051807403564, 3.501474618911743, 3.497603416442871, 3.530693769454956, 3.4905943870544434]}