{"test_loss": 4.333125114440918, "test_accuracy": 0.26838418841362, "top_n_accuracy": 0.5225112438201904}