{"test_loss": 3.4919533729553223, "test_accuracy": 0.2502918243408203, "top_n_accuracy": 0.5084208846092224}