{"accuracy": [0.009163347072899342, 0.03525896370410919, 0.07569721341133118, 0.11095617711544037, 0.1519920378923416, 0.1868525892496109, 0.22948206961154938, 0.2595617473125458, 0.2926294803619385, 0.3221115469932556, 0.34980079531669617, 0.3840637505054474, 0.40358564257621765, 0.4346613585948944, 0.4601593613624573], "loss": [5.572134017944336, 5.131166934967041, 4.678420066833496, 4.318504333496094, 4.010840892791748, 3.7829339504241943, 3.4711594581604004, 3.2522058486938477, 3.0774083137512207, 2.904474973678589, 2.726560115814209, 2.55436635017395, 2.4050395488739014, 2.274022102355957, 2.1245999336242676], "val_accuracy": [0.029374999925494194, 0.07187499850988388, 0.12437500059604645, 0.14749999344348907, 0.16875000298023224, 0.19499999284744263, 0.19437499344348907, 0.1993750035762787, 0.22624999284744263, 0.21812500059604645, 0.21937499940395355, 0.2356249988079071, 0.22499999403953552, 0.2224999964237213, 0.22624999284744263], "val_loss": [5.293794631958008, 4.755823135375977, 4.377466201782227, 4.139011859893799, 3.9844346046447754, 3.8390538692474365, 3.7471249103546143, 3.6761245727539062, 3.6569201946258545, 3.610860586166382, 3.5760498046875, 3.558910608291626, 3.5744872093200684, 3.5753366947174072, 3.6178903579711914]}