{"test_loss": 3.279425621032715, "test_accuracy": 0.2644655704498291, "top_n_accuracy": 0.5327664017677307}