{"accuracy": [0.04721115529537201, 0.26992031931877136, 0.4810757040977478, 0.6657370328903198, 0.7980079650878906, 0.8960159420967102, 0.951195240020752, 0.9858565926551819, 0.9972111582756042, 0.9996016025543213, 0.9998008012771606, 1.0, 1.0, 1.0, 1.0], "loss": [5.126750469207764, 3.361844301223755, 2.253065586090088, 1.476543664932251, 0.9444438219070435, 0.5658426880836487, 0.3299076557159424, 0.18593230843544006, 0.10576518625020981, 0.06246062368154526, 0.03945092111825943, 0.024579301476478577, 0.017291225492954254, 0.013035730458796024, 0.010441459715366364], "val_accuracy": [0.13062499463558197, 0.2150000035762787, 0.21437500417232513, 0.22750000655651093, 0.23375000059604645, 0.22750000655651093, 0.2199999988079071, 0.23999999463558197, 0.25187501311302185, 0.24437500536441803, 0.25, 0.2549999952316284, 0.2462500035762787, 0.2574999928474426, 0.26374998688697815], "val_loss": [4.191249370574951, 3.5938525199890137, 3.5999274253845215, 3.648801565170288, 3.8399083614349365, 3.941531181335449, 4.075218677520752, 4.160926342010498, 4.281251430511475, 4.3281168937683105, 4.294674873352051, 4.356643199920654, 4.371147632598877, 4.364546298980713, 4.393405914306641]}