{"accuracy": [0.009362549521028996, 0.032669324427843094, 0.05916334688663483, 0.09840637445449829, 0.13764940202236176, 0.16334661841392517, 0.18605577945709229, 0.21553784608840942, 0.23784860968589783, 0.2659362554550171, 0.27390438318252563, 0.30000001192092896, 0.32151395082473755, 0.333266943693161, 0.35896414518356323], "loss": [5.565859794616699, 5.165389060974121, 4.764949798583984, 4.382296085357666, 4.103743076324463, 3.8570778369903564, 3.6797451972961426, 3.4932236671447754, 3.3247194290161133, 3.195261240005493, 3.084519147872925, 2.9650192260742188, 2.8626363277435303, 2.7481296062469482, 2.6501517295837402], "val_accuracy": [0.026875000447034836, 0.07625000178813934, 0.11812499910593033, 0.15437500178813934, 0.18562500178813934, 0.20749999582767487, 0.2056249976158142, 0.22937500476837158, 0.22624999284744263, 0.25, 0.25, 0.2356249988079071, 0.25187501311302185, 0.26374998688697815, 0.2618750035762787], "val_loss": [5.322214126586914, 4.807892799377441, 4.422167778015137, 4.081747055053711, 3.8962204456329346, 3.77358341217041, 3.6948463916778564, 3.5520997047424316, 3.456742525100708, 3.4046988487243652, 3.382802963256836, 3.3878557682037354, 3.3125317096710205, 3.3172290325164795, 3.3145220279693604]}