{"test_loss": 8.286030769348145, "test_accuracy": 0.009338002651929855, "top_n_accuracy": 0.038185760378837585}