{"accuracy": [0.002589641371741891, 0.004980079829692841, 0.004581673536449671, 0.00577689241617918, 0.005577689036726952, 0.008167331106960773, 0.008366533555090427, 0.015139441937208176, 0.038645416498184204, 0.08187250792980194, 0.12768924236297607, 0.18545816838741302, 0.2354581654071808, 0.2874501943588257, 0.3087649345397949, 0.3535856604576111, 0.3822709023952484, 0.40876492857933044, 0.43884462118148804, 0.45816734433174133, 0.480278879404068, 0.5027888417243958, 0.5193226933479309, 0.538844645023346, 0.5519920587539673], "loss": [5.54531192779541, 5.527753829956055, 5.529262065887451, 5.5218024253845215, 5.503662586212158, 5.487695693969727, 5.46278715133667, 5.354495525360107, 5.138598442077637, 4.8727498054504395, 4.523709297180176, 4.208445072174072, 3.889638662338257, 3.5949432849884033, 3.457599639892578, 3.244286298751831, 3.076561689376831, 2.94016170501709, 2.7730987071990967, 2.6809942722320557, 2.5719892978668213, 2.450094223022461, 2.39601731300354, 2.2717714309692383, 2.1918938159942627], "val_accuracy": [0.0012499999720603228, 0.004999999888241291, 0.0012499999720603228, 0.007499999832361937, 0.005625000223517418, 0.007499999832361937, 0.008750000037252903, 0.009999999776482582, 0.008750000037252903, 0.00937500037252903, 0.009999999776482582, 0.009999999776482582, 0.007499999832361937, 0.009999999776482582, 0.006874999962747097, 0.0062500000931322575, 0.008750000037252903, 0.0043750000186264515, 0.008124999701976776, 0.009999999776482582, 0.007499999832361937, 0.00937500037252903, 0.009999999776482582, 0.00937500037252903, 0.011250000447034836], "val_loss": [5.525302886962891, 5.5254740715026855, 5.525410175323486, 5.513155460357666, 5.5155463218688965, 5.547159194946289, 5.540150165557861, 5.706167221069336, 5.858442306518555, 5.881843090057373, 6.335615634918213, 6.328436374664307, 7.062643527984619, 6.812350273132324, 6.968050003051758, 6.8057427406311035, 7.3646650314331055, 6.9832987785339355, 7.8610520362854, 7.961238861083984, 7.999815464019775, 8.326434135437012, 8.61140251159668, 8.667409896850586, 8.585119247436523]}