{"accuracy": [0.004581673536449671, 0.007370518054813147, 0.009362549521028996, 0.014940239489078522, 0.0219123512506485, 0.025099601596593857, 0.04163346439599991, 0.05836653336882591, 0.08645418286323547, 0.12011951953172684, 0.16055776178836823, 0.2035856544971466, 0.23824700713157654, 0.27689242362976074, 0.32270917296409607, 0.3474103510379791, 0.381474107503891, 0.41334661841392517, 0.443227082490921, 0.46752989292144775, 0.48525896668434143, 0.49681276082992554, 0.5392430424690247, 0.5531872510910034, 0.565936267375946], "loss": [5.541248321533203, 5.508048057556152, 5.461246490478516, 5.396787166595459, 5.294549465179443, 5.199554920196533, 5.039644718170166, 4.819654941558838, 4.613315105438232, 4.379734992980957, 4.13193416595459, 3.8514764308929443, 3.6128897666931152, 3.386667490005493, 3.1492760181427, 2.9902265071868896, 2.8334200382232666, 2.6669914722442627, 2.5187971591949463, 2.4223520755767822, 2.288407564163208, 2.2274129390716553, 2.065969944000244, 1.9910638332366943, 1.9444561004638672], "val_accuracy": [0.0037499999161809683, 0.0062500000931322575, 0.008750000037252903, 0.013124999590218067, 0.013749999925494194, 0.014999999664723873, 0.011250000447034836, 0.015625, 0.013124999590218067, 0.015625, 0.014999999664723873, 0.015625, 0.016249999403953552, 0.013749999925494194, 0.014375000260770321, 0.014375000260770321, 0.015625, 0.017500000074505806, 0.020625000819563866, 0.013749999925494194, 0.019375000149011612, 0.012500000186264515, 0.013124999590218067, 0.013124999590218067, 0.018124999478459358], "val_loss": [5.524106025695801, 5.519420146942139, 5.487090587615967, 5.446753978729248, 5.4184250831604, 5.471454620361328, 5.624235153198242, 5.729257583618164, 6.020892143249512, 6.196041107177734, 6.7862396240234375, 7.048710823059082, 7.7294840812683105, 6.915594100952148, 7.367170810699463, 7.98744010925293, 7.732622146606445, 7.782073974609375, 7.629746913909912, 8.439794540405273, 8.165440559387207, 8.539275169372559, 8.961324691772461, 8.612908363342285, 9.53703498840332]}