{"test_loss": 9.697532653808594, "test_accuracy": 0.016091378405690193, "top_n_accuracy": 0.057111889123916626}