{"accuracy": [0.012182741425931454, 0.06680203229188919, 0.1532994955778122, 0.21604061126708984, 0.2781725823879242, 0.3317766487598419, 0.3740101456642151, 0.41137054562568665, 0.4402030408382416, 0.4850761294364929, 0.5041624307632446, 0.5488324761390686, 0.5788832306861877, 0.5878172516822815, 0.6156345009803772, 0.6339086294174194], "loss": [5.4958086013793945, 4.7187089920043945, 4.024569988250732, 3.547839879989624, 3.190227508544922, 2.9061439037323, 2.661656618118286, 2.450592041015625, 2.2742080688476562, 2.099940299987793, 1.9754798412322998, 1.8072116374969482, 1.6712440252304077, 1.5605411529541016, 1.465404748916626, 1.3728865385055542], "val_accuracy": [0.04374999925494194, 0.1287499964237213, 0.1875, 0.20999999344348907, 0.24312500655651093, 0.25437501072883606, 0.26499998569488525, 0.2681249976158142, 0.2606250047683716, 0.2737500071525574, 0.26750001311302185, 0.2824999988079071, 0.2750000059604645, 0.2737500071525574, 0.2706249952316284, 0.26499998569488525], "val_loss": [5.047913074493408, 4.253204822540283, 3.8478193283081055, 3.5924909114837646, 3.4623219966888428, 3.360243320465088, 3.3123586177825928, 3.296109914779663, 3.2910940647125244, 3.2640748023986816, 3.2888128757476807, 3.3091232776641846, 3.339982509613037, 3.340667724609375, 3.432420253753662, 3.4982450008392334]}