{"test_loss": 3.7894845008850098, "test_accuracy": 0.2472069412469864, "top_n_accuracy": 0.5031682252883911}