{"accuracy": [0.008324872702360153, 0.03999999910593033, 0.08609136939048767, 0.11512690037488937, 0.16730964183807373, 0.19390863180160522, 0.22538070380687714, 0.23715735971927643, 0.2639593780040741, 0.28020304441452026, 0.3065989911556244, 0.32426396012306213, 0.3360406160354614, 0.3616243600845337, 0.3764466941356659, 0.3930964469909668, 0.4164466857910156, 0.4278172552585602, 0.43106597661972046, 0.4511675238609314, 0.47878172993659973, 0.4765482246875763, 0.4883248805999756, 0.5027410984039307, 0.5120812058448792], "loss": [5.550238132476807, 5.06723165512085, 4.585587024688721, 4.230679035186768, 3.9417152404785156, 3.700343132019043, 3.4957008361816406, 3.345947742462158, 3.200974464416504, 3.056443452835083, 2.9726734161376953, 2.824633836746216, 2.744720697402954, 2.649251699447632, 2.5321545600891113, 2.4573941230773926, 2.356525182723999, 2.2951242923736572, 2.2449135780334473, 2.1295392513275146, 2.0571513175964355, 2.0262253284454346, 1.9577913284301758, 1.9041945934295654, 1.8643052577972412], "val_accuracy": [0.036249998956918716, 0.09937500208616257, 0.15937499701976776, 0.17812499403953552, 0.19625000655651093, 0.19312499463558197, 0.2224999964237213, 0.20749999582767487, 0.22374999523162842, 0.22562499344348907, 0.22875000536441803, 0.22187499701976776, 0.22687500715255737, 0.22437499463558197, 0.23937499523162842, 0.24250000715255737, 0.25062501430511475, 0.22374999523162842, 0.23874999582767487, 0.2524999976158142, 0.24062499403953552, 0.25, 0.2462500035762787, 0.25687500834465027, 0.25187501311302185], "val_loss": [5.229010105133057, 4.593879699707031, 4.1317949295043945, 3.9054596424102783, 3.7907462120056152, 3.6627352237701416, 3.595046281814575, 3.589045763015747, 3.547619342803955, 3.4840383529663086, 3.487717390060425, 3.4534952640533447, 3.463193416595459, 3.4612762928009033, 3.459132432937622, 3.5086286067962646, 3.456864595413208, 3.5175814628601074, 3.55013370513916, 3.5579354763031006, 3.5243170261383057, 3.5947177410125732, 3.6708626747131348, 3.6502792835235596, 3.648322105407715]}