{"accuracy": [0.014416243880987167, 0.07654822617769241, 0.16365481913089752, 0.23025380074977875, 0.28406092524528503, 0.3429441750049591, 0.4006091356277466, 0.44791877269744873, 0.49969542026519775, 0.5244669914245605, 0.5504568815231323, 0.5941116809844971, 0.6196954250335693, 0.6639593839645386, 0.6873096227645874, 0.7114720940589905, 0.7338070869445801, 0.7407106757164001, 0.7604060769081116, 0.7778680324554443, 0.7937055826187134, 0.8105583786964417, 0.8186802268028259, 0.8351268768310547, 0.8438578844070435], "loss": [5.481141090393066, 4.6738762855529785, 3.972918748855591, 3.5089566707611084, 3.107785940170288, 2.8091788291931152, 2.5629568099975586, 2.2672460079193115, 2.039588451385498, 1.8966935873031616, 1.7387851476669312, 1.5701655149459839, 1.428229570388794, 1.2838788032531738, 1.1754155158996582, 1.0797966718673706, 1.002518892288208, 0.9214999675750732, 0.8615621328353882, 0.7933319807052612, 0.7218751907348633, 0.6629121899604797, 0.632588267326355, 0.573525071144104, 0.5588983297348022], "val_accuracy": [0.05312500149011612, 0.1368750035762787, 0.17812499403953552, 0.20812499523162842, 0.2068749964237213, 0.21250000596046448, 0.22875000536441803, 0.2331250011920929, 0.22937500476837158, 0.2306250035762787, 0.23624999821186066, 0.22937500476837158, 0.23624999821186066, 0.2318750023841858, 0.2356249988079071, 0.22624999284744263, 0.2331250011920929, 0.2318750023841858, 0.24062499403953552, 0.23250000178813934, 0.2331250011920929, 0.2306250035762787, 0.22374999523162842, 0.24187499284744263, 0.24312500655651093], "val_loss": [4.9731669425964355, 4.226813793182373, 3.8508853912353516, 3.6445653438568115, 3.616586208343506, 3.5637400150299072, 3.4791717529296875, 3.5048820972442627, 3.560854434967041, 3.5400311946868896, 3.6316161155700684, 3.6756911277770996, 3.7201523780822754, 3.7552361488342285, 3.798520565032959, 3.849863052368164, 3.8957598209381104, 3.9828951358795166, 3.9679253101348877, 4.109958648681641, 4.113081455230713, 4.162519931793213, 4.283705234527588, 4.3738603591918945, 4.298191070556641]}