{"accuracy": [0.010558376088738441, 0.04040609300136566, 0.07999999821186066, 0.11979695409536362, 0.17543147504329681, 0.19756345450878143, 0.23999999463558197, 0.26050761342048645, 0.29279187321662903, 0.32243654131889343, 0.3486294448375702, 0.37055838108062744, 0.4022335112094879, 0.4239594042301178, 0.45279186964035034, 0.4674111604690552, 0.4875126779079437, 0.49664974212646484, 0.5074111819267273, 0.5208121538162231, 0.5443654656410217, 0.559593915939331, 0.5916751027107239, 0.594314694404602, 0.5977665185928345], "loss": [5.560480117797852, 5.06742525100708, 4.582767009735107, 4.229529857635498, 3.8937761783599854, 3.6794919967651367, 3.412513494491577, 3.2166733741760254, 3.0832133293151855, 2.8844220638275146, 2.7475526332855225, 2.588449716567993, 2.46919322013855, 2.308253765106201, 2.2220516204833984, 2.148128032684326, 2.0172340869903564, 1.923279047012329, 1.8922592401504517, 1.792574405670166, 1.7250009775161743, 1.633561372756958, 1.5446494817733765, 1.5189672708511353, 1.4689302444458008], "val_accuracy": [0.035624999552965164, 0.11124999821186066, 0.13312500715255737, 0.1837500035762787, 0.1850000023841858, 0.20874999463558197, 0.2175000011920929, 0.234375, 0.22812500596046448, 0.22750000655651093, 0.2306250035762787, 0.22437499463558197, 0.22187499701976776, 0.234375, 0.24812500178813934, 0.2318750023841858, 0.24375000596046448, 0.22812500596046448, 0.2306250035762787, 0.2306250035762787, 0.22937500476837158, 0.22187499701976776, 0.2381249964237213, 0.2318750023841858, 0.23624999821186066], "val_loss": [5.2252421379089355, 4.597256183624268, 4.1969313621521, 3.9054834842681885, 3.7821297645568848, 3.6286351680755615, 3.5654032230377197, 3.5627357959747314, 3.5151379108428955, 3.522460699081421, 3.499401330947876, 3.5104544162750244, 3.550044536590576, 3.5195412635803223, 3.549710750579834, 3.5678799152374268, 3.6197116374969482, 3.650094509124756, 3.7132275104522705, 3.6808371543884277, 3.8152694702148438, 3.7826972007751465, 3.838122606277466, 3.8263461589813232, 3.8601877689361572]}