{"accuracy": [0.008121827617287636, 0.028020303696393967, 0.06497462093830109, 0.08852791786193848, 0.12588831782341003, 0.14598985016345978, 0.16974619030952454, 0.18822334706783295, 0.21055836975574493, 0.23208121955394745, 0.25725889205932617, 0.26720812916755676, 0.28284263610839844, 0.3005076050758362, 0.3183756470680237, 0.3181725740432739, 0.33847716450691223, 0.35126903653144836, 0.3549238443374634, 0.36629441380500793, 0.37482234835624695, 0.3882233500480652, 0.40446701645851135, 0.40406090021133423, 0.4182741045951843], "loss": [5.575934886932373, 5.154245376586914, 4.741095542907715, 4.453485488891602, 4.213089942932129, 3.9761087894439697, 3.8124563694000244, 3.664646625518799, 3.5357015132904053, 3.4443531036376953, 3.3011844158172607, 3.2320635318756104, 3.1084213256835938, 3.021575689315796, 2.9368042945861816, 2.8830935955047607, 2.7957136631011963, 2.706310987472534, 2.6910712718963623, 2.595637798309326, 2.528024673461914, 2.4767773151397705, 2.4364209175109863, 2.4052798748016357, 2.3293352127075195], "val_accuracy": [0.03125, 0.08375000208616257, 0.11375000327825546, 0.14749999344348907, 0.17812499403953552, 0.19625000655651093, 0.19687500596046448, 0.22312499582767487, 0.2162500023841858, 0.22062499821186066, 0.22437499463558197, 0.22437499463558197, 0.2331250011920929, 0.24437500536441803, 0.24562500417232513, 0.22812500596046448, 0.24687500298023224, 0.24562500417232513, 0.25, 0.2462500035762787, 0.2631250023841858, 0.2487500011920929, 0.25562500953674316, 0.24812500178813934, 0.24187499284744263], "val_loss": [5.294528007507324, 4.721816062927246, 4.2880635261535645, 4.050034046173096, 3.8907272815704346, 3.6973297595977783, 3.6528234481811523, 3.5530529022216797, 3.5347940921783447, 3.4764435291290283, 3.4668335914611816, 3.470858573913574, 3.4770636558532715, 3.4600226879119873, 3.42026948928833, 3.447050094604492, 3.4450719356536865, 3.4497194290161133, 3.448618173599243, 3.463719367980957, 3.45393705368042, 3.492036819458008, 3.5033223628997803, 3.551218271255493, 3.5921084880828857]}