{"test_loss": 3.4440693855285645, "test_accuracy": 0.26838418841362, "top_n_accuracy": 0.5306820273399353}