{"accuracy": [0.008324872702360153, 0.04284263774752617, 0.07512690126895905, 0.11208121478557587, 0.14314721524715424, 0.17035533487796783, 0.19390863180160522, 0.21725888550281525, 0.2379695475101471, 0.2588832378387451, 0.2694416344165802, 0.27593907713890076, 0.30071064829826355, 0.3175634443759918, 0.34761419892311096, 0.34883248805999756, 0.3626396059989929, 0.3843654692173004, 0.39898476004600525, 0.40751269459724426, 0.4111675024032593, 0.42192894220352173, 0.43411168456077576, 0.4592893421649933], "loss": [5.556482315063477, 5.079517364501953, 4.6347856521606445, 4.3008646965026855, 4.092255592346191, 3.8514997959136963, 3.649059772491455, 3.5221939086914062, 3.398876428604126, 3.2455265522003174, 3.1806509494781494, 3.0648138523101807, 2.945655584335327, 2.877798318862915, 2.7660646438598633, 2.668665647506714, 2.6152281761169434, 2.533592939376831, 2.4310667514801025, 2.356032371520996, 2.3179266452789307, 2.292116403579712, 2.256650924682617, 2.1431167125701904], "val_accuracy": [0.03812500089406967, 0.09437499940395355, 0.1550000011920929, 0.17000000178813934, 0.1993750035762787, 0.2056249976158142, 0.2175000011920929, 0.22562499344348907, 0.23999999463558197, 0.23499999940395355, 0.23874999582767487, 0.23874999582767487, 0.2475000023841858, 0.2524999976158142, 0.24187499284744263, 0.2368749976158142, 0.2318750023841858, 0.24062499403953552, 0.2562499940395355, 0.24375000596046448, 0.24437500536441803, 0.23624999821186066, 0.23999999463558197, 0.24187499284744263], "val_loss": [5.22392463684082, 4.613367557525635, 4.199963092803955, 3.9648044109344482, 3.8132030963897705, 3.688044786453247, 3.593289852142334, 3.542170524597168, 3.490166664123535, 3.4744455814361572, 3.4496614933013916, 3.4370739459991455, 3.433528423309326, 3.446370840072632, 3.422980546951294, 3.4356625080108643, 3.4565906524658203, 3.4206113815307617, 3.4831857681274414, 3.5548810958862305, 3.54868221282959, 3.5214834213256836, 3.5119283199310303, 3.575636386871338]}