{"accuracy": [0.014416243880987167, 0.06395938992500305, 0.13441623747348785, 0.1965482234954834, 0.2564466893672943, 0.31796953082084656, 0.37543147802352905, 0.42314720153808594, 0.4578680098056793, 0.5141116976737976, 0.5557360649108887, 0.5847715735435486, 0.6217259168624878], "loss": [5.512513160705566, 4.791574478149414, 4.177711009979248, 3.6899361610412598, 3.281212568283081, 2.9238662719726562, 2.6233227252960205, 2.3864402770996094, 2.157137155532837, 1.9259952306747437, 1.7353533506393433, 1.5703239440917969, 1.4221667051315308], "val_accuracy": [0.05937499925494194, 0.13375000655651093, 0.17937499284744263, 0.19312499463558197, 0.20937499403953552, 0.22750000655651093, 0.24187499284744263, 0.23125000298023224, 0.23874999582767487, 0.2368749976158142, 0.2356249988079071, 0.24562500417232513, 0.2356249988079071], "val_loss": [5.076241970062256, 4.315664768218994, 3.9705002307891846, 3.7096266746520996, 3.665088176727295, 3.5302517414093018, 3.543145179748535, 3.511059284210205, 3.5104970932006836, 3.5212903022766113, 3.554677724838257, 3.5344066619873047, 3.571053981781006]}