{"test_loss": 3.594390392303467, "test_accuracy": 0.24912455677986145, "top_n_accuracy": 0.5079206228256226}