{"test_loss": 3.498335838317871, "test_accuracy": 0.24053692817687988, "top_n_accuracy": 0.49458062648773193}