{"test_loss": 3.436654567718506, "test_accuracy": 0.24879106879234314, "top_n_accuracy": 0.5072536468505859}