{"test_loss": 4.293429374694824, "test_accuracy": 0.2422044426202774, "top_n_accuracy": 0.49274638295173645}