{"test_loss": 3.605881452560425, "test_accuracy": 0.24729031324386597, "top_n_accuracy": 0.5088377594947815}