{"accuracy": [0.0062944162636995316, 0.04791878163814545, 0.09807106852531433, 0.15187817811965942, 0.2008121758699417, 0.2534010112285614, 0.2875126898288727, 0.31350255012512207, 0.34761419892311096, 0.36934009194374084, 0.3837563395500183, 0.41380709409713745, 0.42741116881370544, 0.4629441499710083, 0.48101523518562317, 0.4998984634876251], "loss": [5.5444655418396, 4.969931602478027, 4.377377986907959, 3.9375436305999756, 3.6327695846557617, 3.336869955062866, 3.1313676834106445, 2.9754798412323, 2.759580612182617, 2.6499435901641846, 2.5273361206054688, 2.3964293003082275, 2.294748067855835, 2.135533571243286, 2.0427849292755127, 1.9739736318588257], "val_accuracy": [0.04500000178813934, 0.11625000089406967, 0.16437500715255737, 0.20624999701976776, 0.2212499976158142, 0.22937500476837158, 0.25, 0.2512499988079071, 0.2606250047683716, 0.25437501072883606, 0.27125000953674316, 0.2706249952316284, 0.2693749964237213, 0.2618750035762787, 0.26374998688697815, 0.2574999928474426], "val_loss": [5.239734649658203, 4.533487796783447, 4.087704658508301, 3.7823476791381836, 3.6264307498931885, 3.4885175228118896, 3.459637403488159, 3.365870475769043, 3.2974746227264404, 3.290506362915039, 3.2854056358337402, 3.2600293159484863, 3.2213385105133057, 3.2487192153930664, 3.2624785900115967, 3.255798578262329]}