{"test_loss": 3.284135341644287, "test_accuracy": 0.26429882645606995, "top_n_accuracy": 0.5397698879241943}