{"test_loss": 3.2919843196868896, "test_accuracy": 0.26296481490135193, "top_n_accuracy": 0.5338502526283264}