{"accuracy": [0.00994923897087574, 0.06192893534898758, 0.13746193051338196, 0.20507614314556122, 0.26984772086143494, 0.3226395845413208, 0.3652791976928711, 0.4022335112094879, 0.44954314827919006, 0.4887309670448303, 0.516548216342926, 0.55390864610672, 0.5790863037109375, 0.5977665185928345], "loss": [5.5250420570373535, 4.831383228302002, 4.159268856048584, 3.6429882049560547, 3.2522411346435547, 2.931614637374878, 2.7077956199645996, 2.505988597869873, 2.2827064990997314, 2.097064733505249, 1.9395633935928345, 1.7655105590820312, 1.657535195350647, 1.5508440732955933], "val_accuracy": [0.04625000059604645, 0.10499999672174454, 0.17749999463558197, 0.2150000035762787, 0.2306250035762787, 0.23749999701976776, 0.25562500953674316, 0.2562499940395355, 0.26499998569488525, 0.2606250047683716, 0.27937498688697815, 0.26875001192092896, 0.2800000011920929, 0.2787500023841858], "val_loss": [5.165416717529297, 4.370732307434082, 3.8976454734802246, 3.6407461166381836, 3.5244016647338867, 3.438232660293579, 3.33258056640625, 3.2795422077178955, 3.2618296146392822, 3.277033805847168, 3.2291595935821533, 3.2930350303649902, 3.293104648590088, 3.2825469970703125]}