{"test_loss": 3.2486190795898438, "test_accuracy": 0.2750541865825653, "top_n_accuracy": 0.5401867628097534}