{"accuracy": [0.006742061581462622, 0.013701609335839748, 0.02544584684073925, 0.04436711594462395, 0.06611569970846176, 0.07938233762979507, 0.09830360859632492, 0.10700304806232452, 0.12635928392410278, 0.127446711063385, 0.1485428512096405, 0.1657242327928543, 0.17246629297733307, 0.18312309682369232, 0.19834710657596588, 0.20595911145210266, 0.21683341264724731, 0.22335797548294067, 0.22227054834365845, 0.2538059949874878, 0.24902130663394928, 0.2618529796600342, 0.26989996433258057, 0.2631579041481018, 0.27381470799446106], "loss": [5.607749938964844, 5.378394603729248, 5.158050060272217, 4.879302501678467, 4.708805084228516, 4.510389804840088, 4.379303932189941, 4.2035064697265625, 4.12672758102417, 4.001911163330078, 3.898613452911377, 3.800794839859009, 3.6875925064086914, 3.6519482135772705, 3.554626703262329, 3.4746556282043457, 3.4172723293304443, 3.353912115097046, 3.293307304382324, 3.224575996398926, 3.1601150035858154, 3.109076499938965, 3.060542583465576, 3.0514414310455322, 3.0193026065826416], "val_accuracy": [0.017500000074505806, 0.045625001192092896, 0.07124999910593033, 0.11187499761581421, 0.12999999523162842, 0.14374999701976776, 0.16625000536441803, 0.1743749976158142, 0.203125, 0.2056249976158142, 0.2006250023841858, 0.21187500655651093, 0.2199999988079071, 0.22437499463558197, 0.22687500715255737, 0.2331250011920929, 0.21687500178813934, 0.22875000536441803, 0.22624999284744263, 0.234375, 0.24687500298023224, 0.23999999463558197, 0.24687500298023224, 0.23937499523162842, 0.24250000715255737], "val_loss": [5.42978572845459, 5.1721696853637695, 4.850545883178711, 4.592211723327637, 4.41297721862793, 4.213061809539795, 4.067996978759766, 3.9856722354888916, 3.879293918609619, 3.785651445388794, 3.800596237182617, 3.692098379135132, 3.6004838943481445, 3.613344192504883, 3.563920259475708, 3.5353941917419434, 3.575892448425293, 3.490135431289673, 3.4611008167266846, 3.4579434394836426, 3.4574270248413086, 3.4688384532928467, 3.4411497116088867, 3.438523292541504, 3.446582555770874]}