{"test_loss": 3.3147897720336914, "test_accuracy": 0.26363182067871094, "top_n_accuracy": 0.521344006061554}