{"accuracy": [0.007912355475127697, 0.021302495151758194, 0.038953132927417755, 0.06755933910608292, 0.09028200805187225, 0.1061067134141922, 0.12172854691743851, 0.1355244517326355, 0.17143437266349792, 0.19111381471157074, 0.20389531552791595, 0.21890850365161896, 0.22864678502082825, 0.23250152170658112, 0.24467436969280243, 0.2623250186443329, 0.27997565269470215, 0.28646785020828247, 0.3008723855018616, 0.3014810383319855, 0.3258267343044281, 0.34063705801963806, 0.3495638072490692, 0.34449177980422974, 0.3534185290336609], "loss": [5.584892749786377, 5.2851457595825195, 4.983683109283447, 4.705843925476074, 4.438596248626709, 4.284590244293213, 4.101294040679932, 4.028444766998291, 3.7998828887939453, 3.6558597087860107, 3.565282106399536, 3.4751317501068115, 3.407778739929199, 3.368877410888672, 3.262577533721924, 3.163896322250366, 3.0806047916412354, 2.9750571250915527, 2.935216188430786, 2.865694046020508, 2.769333600997925, 2.7164461612701416, 2.6251449584960938, 2.6224608421325684, 2.5884978771209717], "val_accuracy": [0.020625000819563866, 0.046875, 0.09687499701976776, 0.13375000655651093, 0.1550000011920929, 0.1837500035762787, 0.19499999284744263, 0.18562500178813934, 0.2150000035762787, 0.2175000011920929, 0.23375000059604645, 0.23937499523162842, 0.24062499403953552, 0.2693749964237213, 0.24062499403953552, 0.25187501311302185, 0.25062501430511475, 0.24562500417232513, 0.2593750059604645, 0.2574999928474426, 0.25187501311302185, 0.2462500035762787, 0.25874999165534973, 0.2562499940395355, 0.25999999046325684], "val_loss": [5.400951385498047, 5.0197062492370605, 4.660660743713379, 4.390347480773926, 4.157985687255859, 3.9910788536071777, 3.8864002227783203, 3.801254987716675, 3.711749315261841, 3.587021827697754, 3.6097474098205566, 3.5547780990600586, 3.525806188583374, 3.447873115539551, 3.450016498565674, 3.4154157638549805, 3.423750400543213, 3.356104850769043, 3.354445457458496, 3.3691909313201904, 3.39390230178833, 3.363319158554077, 3.33912992477417, 3.3832690715789795, 3.337850332260132]}