{"test_loss": 3.3216702938079834, "test_accuracy": 0.262714684009552, "top_n_accuracy": 0.5292646288871765}