{"accuracy": [0.0068979510106146336, 0.022925542667508125, 0.04240211099386215, 0.07425441592931747, 0.10286062210798264, 0.11604788154363632, 0.14627712965011597, 0.16352201998233795, 0.18705619871616364, 0.21099615097045898, 0.21667681634426117, 0.23432745039463043, 0.23311015963554382, 0.2639480531215668, 0.26435381174087524, 0.2895110547542572, 0.2980320453643799, 0.31345099210739136, 0.32785555720329285, 0.33820247650146484, 0.3522012531757355, 0.3477378785610199, 0.3615337908267975], "loss": [5.595949649810791, 5.272571086883545, 4.943261623382568, 4.645294666290283, 4.349606513977051, 4.172860622406006, 3.9572019577026367, 3.8564138412475586, 3.6550817489624023, 3.5150957107543945, 3.4752089977264404, 3.3877062797546387, 3.3662326335906982, 3.199507713317871, 3.159879684448242, 3.0053508281707764, 2.909651279449463, 2.836223840713501, 2.7731773853302, 2.718632221221924, 2.6455132961273193, 2.597930669784546, 2.5497848987579346], "val_accuracy": [0.017500000074505806, 0.05375000089406967, 0.11249999701976776, 0.1525000035762787, 0.16187499463558197, 0.19062499701976776, 0.20812499523162842, 0.2199999988079071, 0.2150000035762787, 0.2306250035762787, 0.22374999523162842, 0.22875000536441803, 0.24500000476837158, 0.23624999821186066, 0.25187501311302185, 0.25437501072883606, 0.2593750059604645, 0.25562500953674316, 0.2574999928474426, 0.25999999046325684, 0.2487500011920929, 0.25187501311302185, 0.26124998927116394], "val_loss": [5.399972915649414, 4.986613750457764, 4.618520259857178, 4.289393424987793, 4.124382495880127, 3.916410207748413, 3.7618465423583984, 3.690908193588257, 3.571622848510742, 3.5187737941741943, 3.5581085681915283, 3.5193512439727783, 3.40802001953125, 3.4258697032928467, 3.3486244678497314, 3.3394837379455566, 3.319566011428833, 3.3233754634857178, 3.343898296356201, 3.2956154346466064, 3.3280203342437744, 3.3498947620391846, 3.3215267658233643]}