{"test_loss": 3.4035675525665283, "test_accuracy": 0.2511255741119385, "top_n_accuracy": 0.5156745314598083}