{"accuracy": [0.006712817121297121, 0.018250472843647003, 0.03775959834456444, 0.06649884581565857, 0.08747640252113342, 0.11306901276111603, 0.1334172487258911, 0.1481015384197235, 0.18061673641204834, 0.1812460720539093, 0.21648836135864258, 0.22445982694625854, 0.23935389518737793, 0.2542479634284973, 0.2764841616153717, 0.2964128255844116, 0.29578351974487305, 0.32179567217826843, 0.311726450920105], "loss": [5.601418495178223, 5.316291332244873, 4.985939979553223, 4.689298629760742, 4.457701683044434, 4.245856285095215, 4.039063453674316, 3.901350975036621, 3.746047019958496, 3.6578621864318848, 3.488065242767334, 3.4236085414886475, 3.292130708694458, 3.171520709991455, 3.094088077545166, 2.9921793937683105, 2.9579532146453857, 2.8431994915008545, 2.8113040924072266], "val_accuracy": [0.02812499925494194, 0.057500001043081284, 0.10999999940395355, 0.14124999940395355, 0.17000000178813934, 0.17499999701976776, 0.21437500417232513, 0.22374999523162842, 0.2150000035762787, 0.23749999701976776, 0.2549999952316284, 0.25, 0.2462500035762787, 0.26499998569488525, 0.25562500953674316, 0.2618750035762787, 0.25312501192092896, 0.25562500953674316, 0.24312500655651093], "val_loss": [5.409326553344727, 5.026233673095703, 4.632144927978516, 4.363386631011963, 4.143774032592773, 3.959167242050171, 3.798180341720581, 3.6972548961639404, 3.6595242023468018, 3.5536534786224365, 3.480459213256836, 3.4287631511688232, 3.4109463691711426, 3.37654972076416, 3.360961675643921, 3.3209547996520996, 3.3240480422973633, 3.3400816917419434, 3.369340181350708]}