{"accuracy": [0.008141664788126945, 0.01872582919895649, 0.035416241735219955, 0.054345615208148956, 0.07856706529855728, 0.10360268503427505, 0.12782414257526398, 0.13779768347740173, 0.16100142896175385, 0.17382454872131348, 0.1931609958410263, 0.20496641099452972, 0.2245064079761505, 0.24099327623844147, 0.2509668171405792, 0.24587827920913696, 0.26704660058021545, 0.27518826723098755, 0.3008345067501068, 0.30164867639541626, 0.31304702162742615, 0.3246488869190216, 0.3340117931365967, 0.34439241886138916, 0.3496845066547394], "loss": [5.582333564758301, 5.291053771972656, 4.998717308044434, 4.76054048538208, 4.521066665649414, 4.314139366149902, 4.125399112701416, 4.015578269958496, 3.8702311515808105, 3.730628252029419, 3.6303231716156006, 3.5156095027923584, 3.418775796890259, 3.361185312271118, 3.228956937789917, 3.2309141159057617, 3.1310527324676514, 3.0691306591033936, 2.9321837425231934, 2.8910772800445557, 2.8665785789489746, 2.773646116256714, 2.7075912952423096, 2.632521390914917, 2.599640369415283], "val_accuracy": [0.019375000149011612, 0.04874999821186066, 0.09375, 0.13875000178813934, 0.15625, 0.17687499523162842, 0.20374999940395355, 0.20125000178813934, 0.22562499344348907, 0.23624999821186066, 0.22875000536441803, 0.2475000023841858, 0.24250000715255737, 0.24062499403953552, 0.24500000476837158, 0.24375000596046448, 0.26875001192092896, 0.2681249976158142, 0.26499998569488525, 0.26875001192092896, 0.2681249976158142, 0.2618750035762787, 0.2668749988079071, 0.26124998927116394, 0.27937498688697815], "val_loss": [5.3822455406188965, 5.00871467590332, 4.724542617797852, 4.4185566902160645, 4.217719554901123, 4.0426435470581055, 3.891415596008301, 3.8007094860076904, 3.766155481338501, 3.637178421020508, 3.5593154430389404, 3.5456912517547607, 3.4881751537323, 3.4746956825256348, 3.4613447189331055, 3.4136593341827393, 3.3821349143981934, 3.380305528640747, 3.359454870223999, 3.3366730213165283, 3.3274593353271484, 3.336855411529541, 3.308292865753174, 3.3442599773406982, 3.348470687866211]}