{"test_loss": 3.2231285572052, "test_accuracy": 0.28022345900535583, "top_n_accuracy": 0.5492746233940125}