{"accuracy": [0.008934009820222855, 0.023350253701210022, 0.048730965703725815, 0.0710659921169281, 0.1013197973370552, 0.11999999731779099, 0.14436548948287964, 0.1736040562391281, 0.19614213705062866, 0.20040608942508698, 0.22355329990386963, 0.24121826887130737, 0.25502538681030273, 0.2627411186695099, 0.27593907713890076, 0.2867005169391632, 0.3132995069026947, 0.32020303606987, 0.32162436842918396, 0.33583757281303406, 0.351065993309021, 0.3646700382232666], "loss": [5.588951587677002, 5.259265422821045, 4.918260097503662, 4.619295120239258, 4.35995626449585, 4.157327175140381, 4.028426170349121, 3.8074333667755127, 3.6716954708099365, 3.5562055110931396, 3.406342029571533, 3.315232276916504, 3.2345423698425293, 3.1544060707092285, 3.0849835872650146, 3.006021738052368, 2.9081292152404785, 2.826140880584717, 2.7473433017730713, 2.7236275672912598, 2.657700777053833, 2.5656800270080566], "val_accuracy": [0.019999999552965164, 0.05312500149011612, 0.1262499988079071, 0.15000000596046448, 0.1693750023841858, 0.18437500298023224, 0.19812500476837158, 0.20812499523162842, 0.23937499523162842, 0.22624999284744263, 0.23874999582767487, 0.24812500178813934, 0.24437500536441803, 0.2549999952316284, 0.25, 0.2487500011920929, 0.2574999928474426, 0.26249998807907104, 0.2537499964237213, 0.25562500953674316, 0.2581250071525574, 0.2618750035762787], "val_loss": [5.405659198760986, 4.9721269607543945, 4.540353298187256, 4.258787631988525, 4.090014457702637, 3.8796913623809814, 3.8026440143585205, 3.6629254817962646, 3.5764071941375732, 3.5554490089416504, 3.522395372390747, 3.422895908355713, 3.390061855316162, 3.3738977909088135, 3.3879449367523193, 3.3937265872955322, 3.351297616958618, 3.3210296630859375, 3.3177340030670166, 3.3189337253570557, 3.3500185012817383, 3.3460330963134766]}