{"test_loss": 3.2358040809631348, "test_accuracy": 0.2733033299446106, "top_n_accuracy": 0.5461897850036621}