{"test_loss": 3.3406269550323486, "test_accuracy": 0.25270968675613403, "top_n_accuracy": 0.5236784815788269}