{"test_loss": 3.2879743576049805, "test_accuracy": 0.26496580243110657, "top_n_accuracy": 0.5361847877502441}