{"accuracy": [0.011979695409536362, 0.08791878074407578, 0.19269035756587982, 0.26964467763900757, 0.3378680348396301, 0.4006091356277466, 0.45522841811180115, 0.4883248805999756, 0.5348223447799683, 0.5715736150741577, 0.607106626033783, 0.6399999856948853], "loss": [5.4543023109436035, 4.596769332885742, 3.798642158508301, 3.2830097675323486, 2.892563581466675, 2.5659170150756836, 2.3193018436431885, 2.1194729804992676, 1.8987680673599243, 1.7129404544830322, 1.5806854963302612, 1.3999824523925781], "val_accuracy": [0.0625, 0.15687499940395355, 0.21250000596046448, 0.24312500655651093, 0.25, 0.2681249976158142, 0.26625001430511475, 0.27437499165534973, 0.2750000059604645, 0.265625, 0.25, 0.2706249952316284], "val_loss": [4.971047401428223, 4.205471992492676, 3.7068779468536377, 3.5123791694641113, 3.3990061283111572, 3.3128976821899414, 3.2996184825897217, 3.259648323059082, 3.2577056884765625, 3.3081672191619873, 3.3726067543029785, 3.3490524291992188]}