{"accuracy": [0.006315330974757671, 0.02199477329850197, 0.0429006963968277, 0.06402438879013062, 0.0892857164144516, 0.12042682617902756, 0.12804877758026123, 0.15570557117462158, 0.1661585420370102, 0.18183797597885132, 0.2179878056049347, 0.22626306116580963, 0.23976480960845947, 0.25108885765075684, 0.262848436832428, 0.28310105204582214, 0.28832751512527466, 0.3127177655696869, 0.3192508816719055, 0.3231707215309143, 0.3442944288253784, 0.3449477255344391], "loss": [5.591793060302734, 5.2986836433410645, 4.96653413772583, 4.68025541305542, 4.420872211456299, 4.211671829223633, 4.066277980804443, 3.9029650688171387, 3.7414870262145996, 3.6504387855529785, 3.5053141117095947, 3.4321553707122803, 3.276771068572998, 3.1931228637695312, 3.1311378479003906, 3.034482955932617, 2.96693754196167, 2.873558282852173, 2.829267978668213, 2.7651584148406982, 2.6686887741088867, 2.639482259750366], "val_accuracy": [0.018124999478459358, 0.0637499988079071, 0.11124999821186066, 0.140625, 0.1681250035762787, 0.19312499463558197, 0.20250000059604645, 0.20874999463558197, 0.20499999821186066, 0.2306250035762787, 0.20624999701976776, 0.234375, 0.25062501430511475, 0.23000000417232513, 0.24500000476837158, 0.25687500834465027, 0.25, 0.25062501430511475, 0.25187501311302185, 0.25187501311302185, 0.25437501072883606, 0.25062501430511475], "val_loss": [5.3941850662231445, 5.002434253692627, 4.643431663513184, 4.342114448547363, 4.1415019035339355, 3.9484612941741943, 3.8641066551208496, 3.731238603591919, 3.685441017150879, 3.6014537811279297, 3.6255598068237305, 3.524620294570923, 3.4957523345947266, 3.461261034011841, 3.4294791221618652, 3.383090019226074, 3.4163239002227783, 3.411757230758667, 3.337979793548584, 3.3735132217407227, 3.3667707443237305, 3.3776912689208984]}