{"accuracy": [0.005888324696570635, 0.012385786511003971, 0.03329949080944061, 0.0562436543405056, 0.07857868075370789, 0.11045685410499573, 0.13989847898483276, 0.16426396369934082, 0.18842639029026031, 0.2144162505865097, 0.23695431649684906, 0.25868019461631775, 0.2791878283023834, 0.30010151863098145, 0.3090355396270752, 0.3429441750049591, 0.35005074739456177, 0.36994925141334534, 0.37908628582954407, 0.39573603868484497, 0.4136040508747101, 0.41807106137275696, 0.4314720928668976, 0.4499492347240448, 0.4665989875793457], "loss": [5.638913631439209, 5.392906665802002, 5.169411659240723, 4.878235816955566, 4.601193904876709, 4.34740686416626, 4.09991979598999, 3.898207187652588, 3.730497360229492, 3.571744441986084, 3.407561779022217, 3.2572810649871826, 3.1679065227508545, 3.0438666343688965, 2.9585676193237305, 2.813952922821045, 2.7403476238250732, 2.640810489654541, 2.5705392360687256, 2.50947642326355, 2.405393362045288, 2.338656187057495, 2.2854394912719727, 2.192561626434326, 2.1345577239990234], "val_accuracy": [0.015625, 0.03437500074505806, 0.07249999791383743, 0.11749999970197678, 0.16500000655651093, 0.2018750011920929, 0.21687500178813934, 0.2212499976158142, 0.24187499284744263, 0.2512499988079071, 0.25562500953674316, 0.26625001430511475, 0.265625, 0.27250000834465027, 0.2800000011920929, 0.2862499952316284, 0.2893750071525574, 0.28562501072883606, 0.2824999988079071, 0.2887499928474426, 0.29374998807907104, 0.2887499928474426, 0.296875, 0.2887499928474426, 0.29750001430511475], "val_loss": [5.450325965881348, 5.228536605834961, 4.919795036315918, 4.5907721519470215, 4.306254863739014, 4.057094573974609, 3.926379919052124, 3.740325927734375, 3.6716482639312744, 3.572167158126831, 3.49141788482666, 3.421950101852417, 3.3697686195373535, 3.3266687393188477, 3.2705533504486084, 3.252872943878174, 3.2239956855773926, 3.1922662258148193, 3.1997134685516357, 3.1799983978271484, 3.1322195529937744, 3.1526694297790527, 3.138500928878784, 3.14155912399292, 3.0760457515716553]}