{"test_loss": 3.3058104515075684, "test_accuracy": 0.26124998927116394, "top_n_accuracy": 0.5350000262260437}