{"accuracy": [0.2873096466064453, 0.4152284264564514, 0.48284265398979187, 0.5398984551429749, 0.5792893171310425, 0.6184771656990051, 0.6529949307441711, 0.6883248686790466, 0.7246700525283813, 0.7435532808303833], "loss": [3.226864814758301, 2.363668203353882, 2.023057222366333, 1.7960832118988037, 1.6018272638320923, 1.4385452270507812, 1.2985392808914185, 1.1591298580169678, 1.0298696756362915, 0.9395716786384583], "val_accuracy": [0.2918750047683716, 0.30687499046325684, 0.3050000071525574, 0.30937498807907104, 0.31812500953674316, 0.3125, 0.31937500834465027, 0.31812500953674316, 0.30375000834465027, 0.32374998927116394], "val_loss": [3.1207878589630127, 3.019545316696167, 3.023361921310425, 3.0120105743408203, 2.9811348915100098, 2.9920644760131836, 2.989626884460449, 3.0275321006774902, 3.0693488121032715, 3.049945116043091]}