{"accuracy": [0.27167513966560364, 0.40690356492996216, 0.4822334945201874, 0.5368527770042419, 0.5882233381271362, 0.6389847993850708, 0.6724873185157776, 0.709238588809967], "loss": [3.3835082054138184, 2.4373667240142822, 2.0755434036254883, 1.82606041431427, 1.5838667154312134, 1.3621140718460083, 1.216649055480957, 1.0655778646469116], "val_accuracy": [0.3018749952316284, 0.31687501072883606, 0.3206250071525574, 0.31937500834465027, 0.328125, 0.3268750011920929, 0.3356249928474426, 0.3356249928474426], "val_loss": [3.0598464012145996, 3.0281097888946533, 2.9746031761169434, 3.004457473754883, 2.976881980895996, 2.984855890274048, 2.999481201171875, 2.9937522411346436]}