{"accuracy": [0.014822334982454777, 0.07837563753128052, 0.14659897983074188, 0.2261928915977478, 0.30010151863098145, 0.3356345295906067, 0.3825380802154541, 0.43228426575660706, 0.46761420369148254, 0.5015228390693665, 0.5382741093635559, 0.568324863910675, 0.587005078792572, 0.6225380897521973, 0.6497461795806885], "loss": [5.4822893142700195, 4.676766395568848, 4.0057172775268555, 3.498565912246704, 3.1163570880889893, 2.8307151794433594, 2.6131792068481445, 2.353604316711426, 2.1918861865997314, 1.9990332126617432, 1.837391972541809, 1.7076152563095093, 1.593510389328003, 1.454289197921753, 1.335247278213501], "val_accuracy": [0.04500000178813934, 0.13625000417232513, 0.1993750035762787, 0.23125000298023224, 0.23999999463558197, 0.23749999701976776, 0.25874999165534973, 0.2606250047683716, 0.26499998569488525, 0.26249998807907104, 0.2581250071525574, 0.26499998569488525, 0.27937498688697815, 0.2681249976158142, 0.2718749940395355], "val_loss": [5.053915500640869, 4.315843105316162, 3.8158583641052246, 3.5701656341552734, 3.450681209564209, 3.3625550270080566, 3.3411309719085693, 3.301234245300293, 3.2840895652770996, 3.278489589691162, 3.3503432273864746, 3.3313968181610107, 3.3209733963012695, 3.3493335247039795, 3.434645414352417]}