{"test_loss": 2.9639012813568115, "test_accuracy": 0.32674670219421387, "top_n_accuracy": 0.6039686799049377}