{"test_loss": 3.0799670219421387, "test_accuracy": 0.30515256524086, "top_n_accuracy": 0.5741204023361206}