{"test_loss": 2.934821844100952, "test_accuracy": 0.33983659744262695, "top_n_accuracy": 0.6100550293922424}