{"test_loss": 3.216348648071289, "test_accuracy": 0.2750000059604645, "top_n_accuracy": 0.5512499809265137}