{"accuracy": [0.013604060746729374, 0.07898477464914322, 0.16406092047691345, 0.23512689769268036, 0.29868021607398987, 0.33705583214759827, 0.3839593827724457, 0.43593907356262207, 0.47999998927116394, 0.5141116976737976, 0.5401015281677246, 0.571167528629303, 0.6067004799842834, 0.6335025429725647, 0.6605076193809509], "loss": [5.487521171569824, 4.639915943145752, 3.949700117111206, 3.442080020904541, 3.087646961212158, 2.8193838596343994, 2.5792434215545654, 2.3523664474487305, 2.1506924629211426, 1.985358476638794, 1.8440247774124146, 1.6988385915756226, 1.5587903261184692, 1.4336599111557007, 1.3085956573486328], "val_accuracy": [0.06437499821186066, 0.15312500298023224, 0.20812499523162842, 0.2212499976158142, 0.2318750023841858, 0.24562500417232513, 0.24687500298023224, 0.26875001192092896, 0.2643750011920929, 0.27687498927116394, 0.26625001430511475, 0.26750001311302185, 0.2693749964237213, 0.2750000059604645, 0.26124998927116394], "val_loss": [4.9841766357421875, 4.2161173820495605, 3.785134792327881, 3.5730855464935303, 3.408252000808716, 3.3199212551116943, 3.2951276302337646, 3.235079765319824, 3.2353789806365967, 3.2136642932891846, 3.2538700103759766, 3.276667594909668, 3.3182928562164307, 3.245940923690796, 3.3364877700805664]}