{"test_loss": 3.1809685230255127, "test_accuracy": 0.28187501430511475, "top_n_accuracy": 0.5562499761581421}