{"accuracy": [0.2542131841182709, 0.3695431351661682, 0.4710659980773926, 0.5128933787345886, 0.5729949474334717, 0.5977665185928345, 0.6345177888870239, 0.6694416403770447, 0.6986802220344543, 0.7132995128631592, 0.7283248901367188, 0.7563451528549194, 0.7723857760429382], "loss": [3.453556776046753, 2.586397409439087, 2.1427035331726074, 1.9390370845794678, 1.7233763933181763, 1.5971647500991821, 1.4720540046691895, 1.3415485620498657, 1.2587480545043945, 1.1621901988983154, 1.1130356788635254, 1.040826678276062, 0.9562053084373474], "val_accuracy": [0.24812500178813934, 0.25, 0.25999999046325684, 0.27250000834465027, 0.27687498927116394, 0.28437501192092896, 0.2824999988079071, 0.2918750047683716, 0.2918750047683716, 0.2918750047683716, 0.28437501192092896, 0.2862499952316284, 0.29624998569488525], "val_loss": [3.3921847343444824, 3.3688368797302246, 3.293713092803955, 3.239297389984131, 3.2080914974212646, 3.1592633724212646, 3.1918702125549316, 3.1370370388031006, 3.159944534301758, 3.140404462814331, 3.182314395904541, 3.1534740924835205, 3.151797294616699]}