{"accuracy": [0.0054822335951030254, 0.016040608286857605, 0.03431472182273865, 0.05786801874637604, 0.09116750955581665, 0.11512690037488937, 0.13482233881950378, 0.17076142132282257, 0.19025380909442902, 0.21888324618339539, 0.2434517741203308, 0.27106598019599915, 0.28162437677383423, 0.30802029371261597, 0.3311675190925598, 0.33908629417419434, 0.36385786533355713, 0.38274112343788147, 0.3894416391849518, 0.40406090021133423, 0.41177666187286377, 0.43472081422805786, 0.4408121705055237, 0.46517765522003174, 0.48101523518562317], "loss": [5.644937992095947, 5.398244380950928, 5.145663261413574, 4.836263656616211, 4.565463542938232, 4.3349151611328125, 4.1059184074401855, 3.889338970184326, 3.709150552749634, 3.546144485473633, 3.3825619220733643, 3.2456929683685303, 3.12048602104187, 2.9817397594451904, 2.878711223602295, 2.7993385791778564, 2.682311534881592, 2.5727109909057617, 2.5021309852600098, 2.417165517807007, 2.3823609352111816, 2.300713062286377, 2.2091526985168457, 2.129962205886841, 2.0704457759857178], "val_accuracy": [0.018124999478459358, 0.057500001043081284, 0.08312500268220901, 0.12812499701976776, 0.1599999964237213, 0.18812499940395355, 0.20125000178813934, 0.2199999988079071, 0.23499999940395355, 0.24687500298023224, 0.25, 0.26249998807907104, 0.2718749940395355, 0.27687498927116394, 0.2693749964237213, 0.29124999046325684, 0.28999999165534973, 0.2906250059604645, 0.2993749976158142, 0.3050000071525574, 0.30000001192092896, 0.30562499165534973, 0.32249999046325684, 0.28999999165534973, 0.30687499046325684], "val_loss": [5.443560600280762, 5.20734977722168, 4.894296169281006, 4.6135172843933105, 4.308244228363037, 4.115011215209961, 3.900209426879883, 3.7537407875061035, 3.65958309173584, 3.544766902923584, 3.4788217544555664, 3.4145760536193848, 3.376873254776001, 3.3097662925720215, 3.2858777046203613, 3.215653657913208, 3.2145514488220215, 3.1521379947662354, 3.142730474472046, 3.1156415939331055, 3.1607117652893066, 3.1162445545196533, 3.0603673458099365, 3.1432273387908936, 3.106496572494507]}