{"test_loss": 3.0739669799804688, "test_accuracy": 0.30240121483802795, "top_n_accuracy": 0.5822077989578247}