{"accuracy": [0.008568824268877506, 0.03299908712506294, 0.07420237362384796, 0.12105742841959, 0.1657247096300125, 0.19945305585861206, 0.23846855759620667, 0.26763901114463806, 0.288058340549469, 0.31084775924682617, 0.3361895978450775, 0.35587966442108154, 0.36627164483070374, 0.3903372883796692, 0.4023700952529907, 0.4218778610229492, 0.4350045621395111, 0.4466727375984192, 0.47347310185432434, 0.4738377332687378, 0.4968094825744629, 0.49917957186698914, 0.5186873078346252, 0.5309024453163147, 0.5336371660232544], "loss": [5.617764949798584, 5.300772190093994, 4.892335414886475, 4.507629871368408, 4.165363788604736, 3.8864097595214844, 3.671103000640869, 3.4651331901550293, 3.310525417327881, 3.1540369987487793, 3.015512466430664, 2.8997225761413574, 2.794477701187134, 2.6650538444519043, 2.592346429824829, 2.493960380554199, 2.399388313293457, 2.3283681869506836, 2.2338428497314453, 2.197683095932007, 2.0993809700012207, 2.05077862739563, 1.9974627494812012, 1.8787637948989868, 1.8564932346343994], "val_accuracy": [0.026249999180436134, 0.07312499731779099, 0.13312500715255737, 0.17874999344348907, 0.21437500417232513, 0.22624999284744263, 0.2549999952316284, 0.25187501311302185, 0.27125000953674316, 0.27250000834465027, 0.2681249976158142, 0.2862499952316284, 0.2981249988079071, 0.28999999165534973, 0.29499998688697815, 0.29875001311302185, 0.29249998927116394, 0.30125001072883606, 0.3043749928474426, 0.2993749976158142, 0.30250000953674316, 0.31312501430511475, 0.3031249940395355, 0.31062498688697815, 0.30937498807907104], "val_loss": [5.416338920593262, 5.0617170333862305, 4.614980697631836, 4.237608432769775, 3.9791574478149414, 3.775723457336426, 3.6334056854248047, 3.5183119773864746, 3.419924736022949, 3.3672268390655518, 3.316124200820923, 3.2577483654022217, 3.1883602142333984, 3.1981492042541504, 3.1582632064819336, 3.1351256370544434, 3.1185622215270996, 3.1060118675231934, 3.104077100753784, 3.069124221801758, 3.0808355808258057, 3.054365873336792, 3.0778470039367676, 3.069871425628662, 3.0764758586883545]}