{"accuracy": [0.007520111743360758, 0.03340328857302666, 0.0804477110505104, 0.12469395250082016, 0.16579224169254303, 0.2095138132572174, 0.2583070993423462, 0.26477789878845215, 0.2934592366218567, 0.32406434416770935, 0.34819868206977844, 0.36691150069236755, 0.39052116870880127, 0.40153899788856506, 0.4185029864311218, 0.446135014295578, 0.4541797935962677, 0.4725428521633148, 0.4790136516094208, 0.49597761034965515, 0.5108429789543152, 0.5244840979576111, 0.5353270173072815, 0.5389996767044067, 0.5566631555557251], "loss": [5.6134257316589355, 5.291928768157959, 4.9103498458862305, 4.485255718231201, 4.1455278396606445, 3.8719162940979004, 3.6021745204925537, 3.4610788822174072, 3.287259578704834, 3.1118032932281494, 2.987527847290039, 2.854278087615967, 2.7384979724884033, 2.651451826095581, 2.5439140796661377, 2.4185502529144287, 2.3601303100585938, 2.2689778804779053, 2.214740514755249, 2.128512382507324, 2.0353825092315674, 1.9725937843322754, 1.9127917289733887, 1.9026557207107544, 1.8295685052871704], "val_accuracy": [0.023125000298023224, 0.08250000327825546, 0.15625, 0.1899999976158142, 0.21687500178813934, 0.23749999701976776, 0.24437500536441803, 0.2618750035762787, 0.27812498807907104, 0.2775000035762787, 0.28312501311302185, 0.2824999988079071, 0.2874999940395355, 0.2874999940395355, 0.3043749928474426, 0.2931250035762787, 0.30000001192092896, 0.3031249940395355, 0.3031249940395355, 0.30562499165534973, 0.31437501311302185, 0.3112500011920929, 0.3075000047683716, 0.30687499046325684, 0.31937500834465027], "val_loss": [5.415463447570801, 5.047394275665283, 4.5888471603393555, 4.205572128295898, 3.932581901550293, 3.7230379581451416, 3.6037161350250244, 3.5101141929626465, 3.396761894226074, 3.359295129776001, 3.3026986122131348, 3.2618956565856934, 3.1918210983276367, 3.1979751586914062, 3.1422641277313232, 3.1121513843536377, 3.1064908504486084, 3.087521553039551, 3.096914291381836, 3.0424301624298096, 3.0341198444366455, 3.055485248565674, 3.0464093685150146, 3.045257568359375, 3.0064661502838135]}