{"accuracy": [0.019376857206225395, 0.10349003970623016, 0.20257623493671417, 0.27788177132606506, 0.3262138068675995, 0.3637564778327942, 0.4048222005367279, 0.42926347255706787, 0.4545854926109314, 0.47869646549224854, 0.4909170866012573, 0.5104040503501892, 0.5276890993118286, 0.5271385908126831, 0.5482770204544067, 0.55994713306427, 0.5786634087562561, 0.59110426902771, 0.5959484577178955, 0.6034349799156189, 0.612572968006134], "loss": [5.4669671058654785, 4.640944957733154, 3.921490430831909, 3.4471213817596436, 3.123258352279663, 2.9328043460845947, 2.713526964187622, 2.5573747158050537, 2.4475462436676025, 2.315371513366699, 2.234750509262085, 2.136505126953125, 2.053187847137451, 2.0014662742614746, 1.919880986213684, 1.847662091255188, 1.7628382444381714, 1.7299489974975586, 1.6915814876556396, 1.6501564979553223, 1.5865991115570068], "val_accuracy": [0.08187499642372131, 0.2056249976158142, 0.23499999940395355, 0.2631250023841858, 0.2693749964237213, 0.29124999046325684, 0.2893750071525574, 0.30562499165534973, 0.296875, 0.3112500011920929, 0.3018749952316284, 0.3087500035762787, 0.3112500011920929, 0.30000001192092896, 0.29249998927116394, 0.31312501430511475, 0.3087500035762787, 0.3087500035762787, 0.3206250071525574, 0.3125, 0.3031249940395355], "val_loss": [5.060948848724365, 4.182415008544922, 3.7486367225646973, 3.469967842102051, 3.325730085372925, 3.244105339050293, 3.202609062194824, 3.161775827407837, 3.113949775695801, 3.0985076427459717, 3.0656075477600098, 3.0782461166381836, 3.0532333850860596, 3.072525978088379, 3.107978582382202, 3.028470516204834, 3.0615930557250977, 3.0782630443573, 3.065425395965576, 3.078123092651367, 3.089583158493042]}