{"test_loss": 3.0143213272094727, "test_accuracy": 0.32299482822418213, "top_n_accuracy": 0.5893779993057251}