{"accuracy": [0.013630975969135761, 0.08178585767745972, 0.17009086906909943, 0.24595022201538086, 0.29257211089134216, 0.34670090675354004, 0.38403794169425964, 0.41702884435653687, 0.45574870705604553, 0.4879494309425354, 0.5084946751594543, 0.5300276279449463, 0.5570920705795288, 0.5900829434394836, 0.5973923206329346, 0.6453970670700073, 0.6513236165046692, 0.6750296354293823, 0.6866850852966309, 0.7143421769142151, 0.7228368520736694], "loss": [5.497623920440674, 4.692505359649658, 3.9811930656433105, 3.4733715057373047, 3.161346435546875, 2.8811991214752197, 2.6496148109436035, 2.45086932182312, 2.2584245204925537, 2.1122210025787354, 1.9701898097991943, 1.8718106746673584, 1.7328002452850342, 1.5796558856964111, 1.5034384727478027, 1.3849265575408936, 1.3152018785476685, 1.2224355936050415, 1.1413328647613525, 1.0831496715545654, 1.0217626094818115], "val_accuracy": [0.042500000447034836, 0.13375000655651093, 0.1899999976158142, 0.21875, 0.23375000059604645, 0.24687500298023224, 0.25874999165534973, 0.26249998807907104, 0.2581250071525574, 0.2537499964237213, 0.28125, 0.26249998807907104, 0.25437501072883606, 0.25999999046325684, 0.26625001430511475, 0.26875001192092896, 0.2606250047683716, 0.26875001192092896, 0.25687500834465027, 0.25687500834465027, 0.2593750059604645], "val_loss": [5.115787029266357, 4.289443492889404, 3.8234307765960693, 3.5810251235961914, 3.465311288833618, 3.334695816040039, 3.3110711574554443, 3.258197546005249, 3.289978265762329, 3.262676954269409, 3.197453498840332, 3.2894933223724365, 3.2786877155303955, 3.3135592937469482, 3.28798770904541, 3.3659822940826416, 3.41276478767395, 3.418189287185669, 3.394913673400879, 3.5010881423950195, 3.5693182945251465]}