{"test_loss": 3.0034027099609375, "test_accuracy": 0.3262464702129364, "top_n_accuracy": 0.5969651341438293}