{"test_loss": 3.042593002319336, "test_accuracy": 0.3139069676399231, "top_n_accuracy": 0.5809571743011475}