{"test_loss": 3.2520647048950195, "test_accuracy": 0.27000001072883606, "top_n_accuracy": 0.5481250286102295}