{"accuracy": [0.007228457368910313, 0.021495148539543152, 0.056876543909311295, 0.09435039013624191, 0.13277535140514374, 0.17329275608062744, 0.19383679330348969, 0.22712573409080505, 0.26174625754356384, 0.2712573707103729, 0.2900893986225128, 0.31614989042282104, 0.3298459053039551, 0.34677574038505554, 0.3652273118495941, 0.3886246979236603, 0.40060871839523315, 0.40916872024536133, 0.42743009328842163, 0.44321855902671814, 0.4513981342315674, 0.46547460556030273, 0.48031195998191833, 0.4888719916343689, 0.5021875500679016], "loss": [5.629665374755859, 5.339789867401123, 5.025278568267822, 4.648525714874268, 4.33362340927124, 4.073233604431152, 3.81900691986084, 3.628180980682373, 3.4338338375091553, 3.3135414123535156, 3.17842173576355, 3.058305263519287, 2.9472804069519043, 2.8572747707366943, 2.739314079284668, 2.633114814758301, 2.5570316314697266, 2.481856346130371, 2.4106454849243164, 2.303278923034668, 2.243751287460327, 2.1868786811828613, 2.095200538635254, 2.0719990730285645, 2.002143621444702], "val_accuracy": [0.020625000819563866, 0.07874999940395355, 0.11812499910593033, 0.17249999940395355, 0.18125000596046448, 0.20874999463558197, 0.2318750023841858, 0.2549999952316284, 0.24937500059604645, 0.265625, 0.2668749988079071, 0.2718749940395355, 0.29124999046325684, 0.2943750023841858, 0.2800000011920929, 0.2906250059604645, 0.29624998569488525, 0.3043749928474426, 0.3206250071525574, 0.30812498927116394, 0.31312501430511475, 0.31187498569488525, 0.30375000834465027, 0.30687499046325684, 0.3137499988079071], "val_loss": [5.420259475708008, 5.117096424102783, 4.7322282791137695, 4.400697231292725, 4.090951919555664, 3.9068682193756104, 3.746264934539795, 3.605104923248291, 3.517474889755249, 3.437642812728882, 3.3860464096069336, 3.338578701019287, 3.2771987915039062, 3.2500271797180176, 3.2286407947540283, 3.1634936332702637, 3.179384469985962, 3.118119239807129, 3.112319231033325, 3.1088104248046875, 3.0769355297088623, 3.1158101558685303, 3.0910751819610596, 3.0505058765411377, 3.087005853652954]}