{"accuracy": [0.010704874992370605, 0.04001976177096367, 0.10342556238174438, 0.15760870277881622, 0.20223979651927948, 0.24588273465633392, 0.27980896830558777, 0.30451253056526184, 0.33481553196907043, 0.36264821887016296, 0.3847167193889618, 0.4016798436641693, 0.4227602183818817, 0.4369235932826996, 0.4632740318775177, 0.46541503071784973, 0.4749670624732971, 0.498517781496048, 0.5059288740158081, 0.5237154364585876, 0.5303030014038086, 0.5443016886711121, 0.562252938747406, 0.5681818127632141, 0.5785573124885559], "loss": [5.588888645172119, 5.198205947875977, 4.714258193969727, 4.311879634857178, 3.9432976245880127, 3.66874098777771, 3.4387004375457764, 3.2695560455322266, 3.112210512161255, 2.938469171524048, 2.8297457695007324, 2.7174758911132812, 2.595270872116089, 2.492138385772705, 2.3796701431274414, 2.3026223182678223, 2.2463293075561523, 2.1557509899139404, 2.0896146297454834, 2.0090620517730713, 1.9331984519958496, 1.87982976436615, 1.795154094696045, 1.770294189453125, 1.7167226076126099], "val_accuracy": [0.04062499850988388, 0.10062500089406967, 0.16625000536441803, 0.20999999344348907, 0.22937500476837158, 0.24375000596046448, 0.2631250023841858, 0.27250000834465027, 0.28562501072883606, 0.2800000011920929, 0.2906250059604645, 0.29750001430511475, 0.29374998807907104, 0.28437501192092896, 0.3112500011920929, 0.3006249964237213, 0.30125001072883606, 0.3043749928474426, 0.30375000834465027, 0.30562499165534973, 0.3100000023841858, 0.30937498807907104, 0.31562501192092896, 0.30562499165534973, 0.3050000071525574], "val_loss": [5.3512773513793945, 4.8885722160339355, 4.367034435272217, 4.031556129455566, 3.804201364517212, 3.6274383068084717, 3.516395330429077, 3.4238219261169434, 3.335520029067993, 3.2972307205200195, 3.2523062229156494, 3.2358548641204834, 3.1750433444976807, 3.152311086654663, 3.1492056846618652, 3.1238479614257812, 3.1132936477661133, 3.110760450363159, 3.088883876800537, 3.0955650806427, 3.0920214653015137, 3.073923110961914, 3.065671682357788, 3.1048190593719482, 3.116215705871582]}