{"test_loss": 3.010112762451172, "test_accuracy": 0.3184092044830322, "top_n_accuracy": 0.5892112851142883}