{"test_loss": 3.0382001399993896, "test_accuracy": 0.31515759229660034, "top_n_accuracy": 0.5827080011367798}