{"accuracy": [0.012760340236127377, 0.056614842265844345, 0.1322968602180481, 0.19140510261058807, 0.2544734477996826, 0.28996774554252625, 0.3238486349582672, 0.36110296845436096, 0.37841010093688965, 0.3958638906478882, 0.42739805579185486, 0.44939863681793213, 0.45658549666404724, 0.47198590636253357, 0.4951598644256592, 0.5167204737663269, 0.5102669596672058, 0.5283074378967285, 0.5415077805519104, 0.5526547431945801, 0.5618950128555298, 0.5718685984611511], "loss": [5.571279048919678, 5.100940227508545, 4.482883930206299, 4.027199745178223, 3.663522720336914, 3.3764731884002686, 3.1611487865448, 2.986652135848999, 2.857800245285034, 2.7220709323883057, 2.554708957672119, 2.4722225666046143, 2.3737518787384033, 2.3241329193115234, 2.2257773876190186, 2.1077258586883545, 2.0751023292541504, 1.9991601705551147, 1.9364012479782104, 1.871840238571167, 1.8063549995422363, 1.7609524726867676], "val_accuracy": [0.03750000149011612, 0.12062499672174454, 0.1899999976158142, 0.2381249964237213, 0.2537499964237213, 0.2581250071525574, 0.27562499046325684, 0.29124999046325684, 0.28312501311302185, 0.30812498927116394, 0.3062500059604645, 0.31437501311302185, 0.3062500059604645, 0.3112500011920929, 0.3199999928474426, 0.3149999976158142, 0.33125001192092896, 0.31812500953674316, 0.31687501072883606, 0.32249999046325684, 0.3387500047683716, 0.3231250047683716], "val_loss": [5.335933685302734, 4.724785327911377, 4.181031227111816, 3.8447675704956055, 3.604855537414551, 3.464277744293213, 3.3999903202056885, 3.2468137741088867, 3.242405891418457, 3.201906204223633, 3.1427230834960938, 3.1117851734161377, 3.129500150680542, 3.1043241024017334, 3.0762763023376465, 3.0662319660186768, 3.027311325073242, 3.0511879920959473, 3.067216157913208, 3.0392138957977295, 3.0281381607055664, 3.0440261363983154]}