{"accuracy": [0.006730007939040661, 0.017616786062717438, 0.03939034044742584, 0.07858274132013321, 0.10768012702465057, 0.14509105682373047, 0.17181314527988434, 0.19873318076133728, 0.22248613834381104, 0.252177357673645, 0.26999208331108093, 0.30106887221336365, 0.31591448187828064, 0.32996833324432373, 0.34402215480804443, 0.3646080791950226, 0.38440221548080444, 0.40676960349082947, 0.4160728454589844, 0.42082342505455017, 0.44893112778663635, 0.4619952440261841, 0.4711005687713623, 0.47327789664268494, 0.494655579328537], "loss": [5.648215293884277, 5.404085636138916, 5.128262042999268, 4.767947196960449, 4.461904048919678, 4.196480751037598, 3.944208860397339, 3.7430295944213867, 3.565603256225586, 3.36611008644104, 3.2447800636291504, 3.0978806018829346, 3.002410411834717, 2.892162799835205, 2.8277053833007812, 2.6966910362243652, 2.5838398933410645, 2.494530200958252, 2.4237382411956787, 2.385932683944702, 2.2625904083251953, 2.1677510738372803, 2.139671564102173, 2.100353479385376, 2.021305561065674], "val_accuracy": [0.018124999478459358, 0.03999999910593033, 0.08687499910593033, 0.12937499582767487, 0.17874999344348907, 0.2043749988079071, 0.23250000178813934, 0.23624999821186066, 0.2512499988079071, 0.2643750011920929, 0.27125000953674316, 0.2750000059604645, 0.2706249952316284, 0.2956250011920929, 0.2893750071525574, 0.29499998688697815, 0.2918750047683716, 0.2993749976158142, 0.29374998807907104, 0.2918750047683716, 0.29875001311302185, 0.2943750023841858, 0.2874999940395355, 0.2931250035762787, 0.2787500023841858], "val_loss": [5.4637250900268555, 5.239325046539307, 4.859819412231445, 4.503150939941406, 4.189115524291992, 3.9883217811584473, 3.818695306777954, 3.6700432300567627, 3.547488212585449, 3.4642815589904785, 3.383249521255493, 3.314586877822876, 3.272883415222168, 3.2519783973693848, 3.209163188934326, 3.1825547218322754, 3.151700973510742, 3.134222984313965, 3.1221323013305664, 3.102691888809204, 3.0839855670928955, 3.1114959716796875, 3.0859627723693848, 3.091217279434204, 3.082071304321289]}