{"test_loss": 3.0534772872924805, "test_accuracy": 0.307820588350296, "top_n_accuracy": 0.5809571743011475}