{"test_loss": 3.0318443775177, "test_accuracy": 0.31415706872940063, "top_n_accuracy": 0.5882941484451294}